Tissue,Mixture,CellType,PerturbedVsTrueSpearman,RecoveredVsTrueSpearman,Pass_0_8
Blood,Mixture1,erythrocyte,0.9995130177580721,0.6429361139721725,False
Blood,Mixture1,classical_monocyte,0.9992154863983849,0.8684052475150271,True
Blood,Mixture1,neutrophil,0.9994943896497326,0.9935679940043703,True
Blood,Mixture1,memory_B_cell,0.9993903284150081,0.9978174466014561,True
Blood,Mixture1,plasma_cell,0.9994872068339764,0.9980527423426521,True
Blood,Mixture1,platelet,0.999553376702053,0.998529493235542,True
Blood,Mixture2,erythrocyte,0.9995130177580721,0.9995130177580721,True
Blood,Mixture2,classical_monocyte,0.9992154863983849,0.9698181218662083,True
Blood,Mixture2,neutrophil,0.9994943896497326,0.779516046996155,False
Blood,Mixture2,memory_B_cell,0.9993903284150081,0.9833185621251049,True
Blood,Mixture2,plasma_cell,0.9994872068339764,0.9990434987695072,True
Blood,Mixture2,platelet,0.999553376702053,0.9881803597385435,True
Blood,Mixture3,erythrocyte,0.9995130177580721,0.6616936339116191,False
Blood,Mixture3,classical_monocyte,0.9992154863983849,0.9880418231298476,True
Blood,Mixture3,neutrophil,0.9994943896497326,0.7830730839434532,False
Blood,Mixture3,memory_B_cell,0.9993903284150081,0.9977556785606182,True
Blood,Mixture3,plasma_cell,0.9994872068339764,0.9984150272951182,True
Blood,Mixture3,platelet,0.999553376702053,0.9912257494894448,True
Blood,Mixture4,erythrocyte,0.9995130177580721,0.6974575632575464,False
Blood,Mixture4,classical_monocyte,0.9992154863983849,0.9566065443687948,True
Blood,Mixture4,neutrophil,0.9994943896497326,0.8120439555651816,True
Blood,Mixture4,memory_B_cell,0.9993903284150081,0.9985521683358298,True
Blood,Mixture4,plasma_cell,0.9994872068339764,0.9980559609503736,True
Blood,Mixture4,platelet,0.999553376702053,0.9995174027713964,True
Blood,Mixture5,erythrocyte,0.9995130177580721,0.7343871548656568,False
Blood,Mixture5,classical_monocyte,0.9992154863983849,0.9481065360458866,True
Blood,Mixture5,neutrophil,0.9994943896497326,0.9300028437452106,True
Blood,Mixture5,memory_B_cell,0.9993903284150081,0.9840489101753503,True
Blood,Mixture5,plasma_cell,0.9994872068339764,0.9992486466949967,True
Blood,Mixture5,platelet,0.999553376702053,0.996148388960055,True
Blood,Mixture6,erythrocyte,0.9995130177580721,0.8580305212320363,True
Blood,Mixture6,classical_monocyte,0.9992154863983849,0.979727321346038,True
Blood,Mixture6,neutrophil,0.9994943896497326,0.8690540461087363,True
Blood,Mixture6,memory_B_cell,0.9993903284150081,0.9861979297717297,True
Blood,Mixture6,plasma_cell,0.9994872068339764,0.9994872068339764,True
Blood,Mixture6,platelet,0.999553376702053,0.9943213840441191,True
Blood,Mixture7,erythrocyte,0.9995130177580721,0.7726670006749146,False
Blood,Mixture7,classical_monocyte,0.9992154863983849,0.9401895311719495,True
Blood,Mixture7,neutrophil,0.9994943896497326,0.8824413936896666,True
Blood,Mixture7,memory_B_cell,0.9993903284150081,0.9727284020485648,True
Blood,Mixture7,plasma_cell,0.9994872068339764,0.9987925240007443,True
Blood,Mixture7,platelet,0.999553376702053,0.998229846603265,True
Blood,Mixture8,erythrocyte,0.9995130177580721,0.7477471815102585,False
Blood,Mixture8,classical_monocyte,0.9992154863983849,0.9498235548387851,True
Blood,Mixture8,neutrophil,0.9994943896497326,0.7907028984707845,False
Blood,Mixture8,memory_B_cell,0.9993903284150081,0.9967983878905449,True
Blood,Mixture8,plasma_cell,0.9994872068339764,0.9972522658841488,True
Blood,Mixture8,platelet,0.999553376702053,0.9961960530294476,True
Blood,Mixture9,erythrocyte,0.9995130177580721,0.660247945161658,False
Blood,Mixture9,classical_monocyte,0.9992154863983849,0.9646293813561551,True
Blood,Mixture9,neutrophil,0.9994943896497326,0.8509975706547845,True
Blood,Mixture9,memory_B_cell,0.9993903284150081,0.9987208425915007,True
Blood,Mixture9,plasma_cell,0.9994872068339764,0.9975335119470021,True
Blood,Mixture9,platelet,0.999553376702053,0.9941891249792956,True
Blood,Mixture10,erythrocyte,0.9995130177580721,0.6190844448444146,False
Blood,Mixture10,classical_monocyte,0.9992154863983849,0.9020705081344019,True
Blood,Mixture10,neutrophil,0.9994943896497326,0.9992388160620315,True
Blood,Mixture10,memory_B_cell,0.9993903284150081,0.9903964973656375,True
Blood,Mixture10,plasma_cell,0.9994872068339764,0.9982610513673081,True
Blood,Mixture10,platelet,0.999553376702053,0.9993487188522859,True
Blood,Mixture11,erythrocyte,0.9995130177580721,0.7169038468151635,False
Blood,Mixture11,classical_monocyte,0.9992154863983849,0.9612029677555515,True
Blood,Mixture11,neutrophil,0.9994943896497326,0.8120246005797788,True
Blood,Mixture11,memory_B_cell,0.9993903284150081,0.9934443267082876,True
Blood,Mixture11,plasma_cell,0.9994872068339764,0.9991103231964876,True
Blood,Mixture11,platelet,0.999553376702053,0.999529590217954,True
Blood,Mixture12,erythrocyte,0.9995130177580721,0.746884722835788,False
Blood,Mixture12,classical_monocyte,0.9992154863983849,0.9507209395596022,True
Blood,Mixture12,neutrophil,0.9994943896497326,0.8068648637599184,True
Blood,Mixture12,memory_B_cell,0.9993903284150081,0.9982652265798885,True
Blood,Mixture12,plasma_cell,0.9994872068339764,0.9979227718975154,True
Blood,Mixture12,platelet,0.999553376702053,0.9995110416785812,True
Blood,Mixture13,erythrocyte,0.9995130177580721,0.7431738442908635,False
Blood,Mixture13,classical_monocyte,0.9992154863983849,0.9517482109794783,True
Blood,Mixture13,neutrophil,0.9994943896497326,0.8875973759633493,True
Blood,Mixture13,memory_B_cell,0.9993903284150081,0.9703850506276753,True
Blood,Mixture13,plasma_cell,0.9994872068339764,0.9990083623018805,True
Blood,Mixture13,platelet,0.999553376702053,0.9990508600606123,True
Blood,Mixture14,erythrocyte,0.9995130177580721,0.6240289901219609,False
Blood,Mixture14,classical_monocyte,0.9992154863983849,0.8662260051262086,True
Blood,Mixture14,neutrophil,0.9994943896497326,0.9760030524976788,True
Blood,Mixture14,memory_B_cell,0.9993903284150081,0.9977023784515745,True
Blood,Mixture14,plasma_cell,0.9994872068339764,0.9984783648970671,True
Blood,Mixture14,platelet,0.999553376702053,0.9941549321467571,True
Blood,Mixture15,erythrocyte,0.9995130177580721,0.9995130177580721,True
Blood,Mixture15,classical_monocyte,0.9992154863983849,0.9592946977089366,True
Blood,Mixture15,neutrophil,0.9994943896497326,0.7657672631031189,False
Blood,Mixture15,memory_B_cell,0.9993903284150081,0.9867639181307332,True
Blood,Mixture15,plasma_cell,0.9994872068339764,0.9982951341574907,True
Blood,Mixture15,platelet,0.999553376702053,0.9926542797415893,True
Blood,Mixture16,erythrocyte,0.9995130177580721,0.5913846785422862,False
Blood,Mixture16,classical_monocyte,0.9992154863983849,0.9870587728852289,True
Blood,Mixture16,neutrophil,0.9994943896497326,0.8062923962690838,True
Blood,Mixture16,memory_B_cell,0.9993903284150081,0.989542661738061,True
Blood,Mixture16,plasma_cell,0.9994872068339764,0.9994206889410647,True
Blood,Mixture16,platelet,0.999553376702053,0.9682387102255466,True
Blood,Mixture17,erythrocyte,0.9995130177580721,0.7820454160689994,False
Blood,Mixture17,classical_monocyte,0.9992154863983849,0.9589145137289481,True
Blood,Mixture17,neutrophil,0.9994943896497326,0.7591564625885726,False
Blood,Mixture17,memory_B_cell,0.9993903284150081,0.9978245736830912,True
Blood,Mixture17,plasma_cell,0.9994872068339764,0.9974425860824809,True
Blood,Mixture17,platelet,0.999553376702053,0.9911610822608179,True
Blood,Mixture18,erythrocyte,0.9995130177580721,0.7147062381037359,False
Blood,Mixture18,classical_monocyte,0.9992154863983849,0.9583494901935397,True
Blood,Mixture18,neutrophil,0.9994943896497326,0.880299625565142,True
Blood,Mixture18,memory_B_cell,0.9993903284150081,0.9630510272558566,True
Blood,Mixture18,plasma_cell,0.9994872068339764,0.9988211083026524,True
Blood,Mixture18,platelet,0.999553376702053,0.9995157940457727,True
Blood,Mixture19,erythrocyte,0.9995130177580721,0.72854843243662,False
Blood,Mixture19,classical_monocyte,0.9992154863983849,0.9609409751570173,True
Blood,Mixture19,neutrophil,0.9994943896497326,0.8739968235353427,True
Blood,Mixture19,memory_B_cell,0.9993903284150081,0.9909727952934877,True
Blood,Mixture19,plasma_cell,0.9994872068339764,0.9991374514615694,True
Blood,Mixture19,platelet,0.999553376702053,0.9995323879335593,True
Blood,Mixture20,erythrocyte,0.9995130177580721,0.7630314286144844,False
Blood,Mixture20,classical_monocyte,0.9992154863983849,0.9500437639758069,True
Blood,Mixture20,neutrophil,0.9994943896497326,0.8923767094244611,True
Blood,Mixture20,memory_B_cell,0.9993903284150081,0.9562740457288538,True
Blood,Mixture20,plasma_cell,0.9994872068339764,0.9985531208930756,True
Blood,Mixture20,platelet,0.999553376702053,0.9994982419929751,True
Blood,Mixture21,erythrocyte,0.9995130177580721,0.7615962162240617,False
Blood,Mixture21,classical_monocyte,0.9992154863983849,0.9595409631071367,True
Blood,Mixture21,neutrophil,0.9994943896497326,0.755139126186829,False
Blood,Mixture21,memory_B_cell,0.9993903284150081,0.9973084347165541,True
Blood,Mixture21,plasma_cell,0.9994872068339764,0.9973700899619586,True
Blood,Mixture21,platelet,0.999553376702053,0.9980248576782474,True
Blood,Mixture22,erythrocyte,0.9995130177580721,0.7622729266494825,False
Blood,Mixture22,classical_monocyte,0.9992154863983849,0.9575002672415396,True
Blood,Mixture22,neutrophil,0.9994943896497326,0.9109637797794586,True
Blood,Mixture22,memory_B_cell,0.9993903284150081,0.9718895262671038,True
Blood,Mixture22,plasma_cell,0.9994872068339764,0.9993222915050062,True
Blood,Mixture22,platelet,0.999553376702053,0.9973866908204707,True
Blood,Mixture23,erythrocyte,0.9995130177580721,0.7482045353188176,False
Blood,Mixture23,classical_monocyte,0.9992154863983849,0.9458348373519122,True
Blood,Mixture23,neutrophil,0.9994943896497326,0.8222014790021129,True
Blood,Mixture23,memory_B_cell,0.9993903284150081,0.9980836968569948,True
Blood,Mixture23,plasma_cell,0.9994872068339764,0.9977469746091058,True
Blood,Mixture23,platelet,0.999553376702053,0.9994404555935774,True
Blood,Mixture24,erythrocyte,0.9995130177580721,0.6774620995168996,False
Blood,Mixture24,classical_monocyte,0.9992154863983849,0.9706752400142333,True
Blood,Mixture24,neutrophil,0.9994943896497326,0.9042381338946948,True
Blood,Mixture24,memory_B_cell,0.9993903284150081,0.9764478290419434,True
Blood,Mixture24,plasma_cell,0.9994872068339764,0.9994872068339764,True
Blood,Mixture24,platelet,0.999553376702053,0.9929423908446635,True
Blood,Mixture25,erythrocyte,0.9995130177580721,0.9995125962605488,True
Blood,Mixture25,classical_monocyte,0.9992154863983849,0.9648407716044755,True
Blood,Mixture25,neutrophil,0.9994943896497326,0.8031409089427962,True
Blood,Mixture25,memory_B_cell,0.9993903284150081,0.9764268974970917,True
Blood,Mixture25,plasma_cell,0.9994872068339764,0.9992256949566015,True
Blood,Mixture25,platelet,0.999553376702053,0.9897102792683607,True
Blood,Mixture26,erythrocyte,0.9995130177580721,0.7419791341996855,False
Blood,Mixture26,classical_monocyte,0.9992154863983849,0.9575985049028759,True
Blood,Mixture26,neutrophil,0.9994943896497326,0.7191042681301988,False
Blood,Mixture26,memory_B_cell,0.9993903284150081,0.9978987949579691,True
Blood,Mixture26,plasma_cell,0.9994872068339764,0.9959437452761649,True
Blood,Mixture26,platelet,0.999553376702053,0.9973788220283392,True
Blood,Mixture27,erythrocyte,0.9995130177580721,0.7179810146242088,False
Blood,Mixture27,classical_monocyte,0.9992154863983849,0.9569525767097713,True
Blood,Mixture27,neutrophil,0.9994943896497326,0.8025874118913828,True
Blood,Mixture27,memory_B_cell,0.9993903284150081,0.9982163142124871,True
Blood,Mixture27,plasma_cell,0.9994872068339764,0.9983871710116232,True
Blood,Mixture27,platelet,0.999553376702053,0.9995317164916204,True
Blood,Mixture28,erythrocyte,0.9995130177580721,0.7348074204970979,False
Blood,Mixture28,classical_monocyte,0.9992154863983849,0.9666984138660124,True
Blood,Mixture28,neutrophil,0.9994943896497326,0.9474192430425505,True
Blood,Mixture28,memory_B_cell,0.9993903284150081,0.9742824582757782,True
Blood,Mixture28,plasma_cell,0.9994872068339764,0.9994872068339764,True
Blood,Mixture28,platelet,0.999553376702053,0.9939091173545801,True
Blood,Mixture29,erythrocyte,0.9995130177580721,0.9995083812853137,True
Blood,Mixture29,classical_monocyte,0.9992154863983849,0.9724271403243063,True
Blood,Mixture29,neutrophil,0.9994943896497326,0.7930772699382033,False
Blood,Mixture29,memory_B_cell,0.9993903284150081,0.9185795489591893,True
Blood,Mixture29,plasma_cell,0.9994872068339764,0.9962738233461852,True
Blood,Mixture29,platelet,0.999553376702053,0.9846968431299428,True
Blood,Mixture30,erythrocyte,0.9995130177580721,0.7353859690759929,False
Blood,Mixture30,classical_monocyte,0.9992154863983849,0.9573317097577361,True
Blood,Mixture30,neutrophil,0.9994943896497326,0.8813029363325962,True
Blood,Mixture30,memory_B_cell,0.9993903284150081,0.9434283602794602,True
Blood,Mixture30,plasma_cell,0.9994872068339764,0.9990526564748101,True
Blood,Mixture30,platelet,0.999553376702053,0.999506136739543,True
Blood,Mixture31,erythrocyte,0.9995130177580721,0.6606229277922117,False
Blood,Mixture31,classical_monocyte,0.9992154863983849,0.8470544885951017,True
Blood,Mixture31,neutrophil,0.9994943896497326,0.9735631086506291,True
Blood,Mixture31,memory_B_cell,0.9993903284150081,0.9973400087671871,True
Blood,Mixture31,plasma_cell,0.9994872068339764,0.997515043269362,True
Blood,Mixture31,platelet,0.999553376702053,0.9983617824920147,True
Blood,Mixture32,erythrocyte,0.9995130177580721,0.7036316522041657,False
Blood,Mixture32,classical_monocyte,0.9992154863983849,0.9455293513178696,True
Blood,Mixture32,neutrophil,0.9994943896497326,0.8297930011802127,True
Blood,Mixture32,memory_B_cell,0.9993903284150081,0.9992243747118482,True
Blood,Mixture32,plasma_cell,0.9994872068339764,0.9985241917403402,True
Blood,Mixture32,platelet,0.999553376702053,0.9994910004042299,True
Blood,Mixture33,erythrocyte,0.9995130177580721,0.7822215982231057,False
Blood,Mixture33,classical_monocyte,0.9992154863983849,0.9597032643190497,True
Blood,Mixture33,neutrophil,0.9994943896497326,0.9277651046475065,True
Blood,Mixture33,memory_B_cell,0.9993903284150081,0.972812960860356,True
Blood,Mixture33,plasma_cell,0.9994872068339764,0.9992234342678447,True
Blood,Mixture33,platelet,0.999553376702053,0.9961746089469856,True
Blood,Mixture34,erythrocyte,0.9995130177580721,0.7370912402958497,False
Blood,Mixture34,classical_monocyte,0.9992154863983849,0.9587153465933879,True
Blood,Mixture34,neutrophil,0.9994943896497326,0.7897422869405781,False
Blood,Mixture34,memory_B_cell,0.9993903284150081,0.9974974942807382,True
Blood,Mixture34,plasma_cell,0.9994872068339764,0.9976935610033424,True
Blood,Mixture34,platelet,0.999553376702053,0.999512919350557,True
Blood,Mixture35,erythrocyte,0.9995130177580721,0.7812192775033839,False
Blood,Mixture35,classical_monocyte,0.9992154863983849,0.9484765666353125,True
Blood,Mixture35,neutrophil,0.9994943896497326,0.8302389415576146,True
Blood,Mixture35,memory_B_cell,0.9993903284150081,0.9981540097282252,True
Blood,Mixture35,plasma_cell,0.9994872068339764,0.9984634979947342,True
Blood,Mixture35,platelet,0.999553376702053,0.9983325741168615,True
Blood,Mixture36,erythrocyte,0.9995130177580721,0.7656948776649366,False
Blood,Mixture36,classical_monocyte,0.9992154863983849,0.9487701011206026,True
Blood,Mixture36,neutrophil,0.9994943896497326,0.8138969373574078,True
Blood,Mixture36,memory_B_cell,0.9993903284150081,0.999330687020161,True
Blood,Mixture36,plasma_cell,0.9994872068339764,0.9979618166745184,True
Blood,Mixture36,platelet,0.999553376702053,0.9961793655560479,True
Blood,Mixture37,erythrocyte,0.9995130177580721,0.7301885658221376,False
Blood,Mixture37,classical_monocyte,0.9992154863983849,0.9430276406998427,True
Blood,Mixture37,neutrophil,0.9994943896497326,0.9195239524262684,True
Blood,Mixture37,memory_B_cell,0.9993903284150081,0.9592494887448244,True
Blood,Mixture37,plasma_cell,0.9994872068339764,0.9986475717029992,True
Blood,Mixture37,platelet,0.999553376702053,0.9882837759586968,True
Blood,Mixture38,erythrocyte,0.9995130177580721,0.8002614815452547,True
Blood,Mixture38,classical_monocyte,0.9992154863983849,0.9697987376052556,True
Blood,Mixture38,neutrophil,0.9994943896497326,0.964059076015238,True
Blood,Mixture38,memory_B_cell,0.9993903284150081,0.9547565277931892,True
Blood,Mixture38,plasma_cell,0.9994872068339764,0.9994872068339764,True
Blood,Mixture38,platelet,0.999553376702053,0.995626164542844,True
Blood,Mixture39,erythrocyte,0.9995130177580721,0.6876704068425655,False
Blood,Mixture39,classical_monocyte,0.9992154863983849,0.9680397899535675,True
Blood,Mixture39,neutrophil,0.9994943896497326,0.9810287725016884,True
Blood,Mixture39,memory_B_cell,0.9993903284150081,0.9789263938764993,True
Blood,Mixture39,plasma_cell,0.9994872068339764,0.9994872068339764,True
Blood,Mixture39,platelet,0.999553376702053,0.9962764834618251,True
Blood,Mixture40,erythrocyte,0.9995130177580721,0.8132797311032061,True
Blood,Mixture40,classical_monocyte,0.9992154863983849,0.9484487538216538,True
Blood,Mixture40,neutrophil,0.9994943896497326,0.9064551831577479,True
Blood,Mixture40,memory_B_cell,0.9993903284150081,0.9544382864787332,True
Blood,Mixture40,plasma_cell,0.9994872068339764,0.999152050146592,True
Blood,Mixture40,platelet,0.999553376702053,0.9994619530538307,True
Blood,Mixture41,erythrocyte,0.9995130177580721,0.7347379385929139,False
Blood,Mixture41,classical_monocyte,0.9992154863983849,0.9472371585179704,True
Blood,Mixture41,neutrophil,0.9994943896497326,0.8151817761249474,True
Blood,Mixture41,memory_B_cell,0.9993903284150081,0.9975473072168978,True
Blood,Mixture41,plasma_cell,0.9994872068339764,0.9980426267183843,True
Blood,Mixture41,platelet,0.999553376702053,0.9995123452648723,True
Blood,Mixture42,erythrocyte,0.9995130177580721,0.762181895938829,False
Blood,Mixture42,classical_monocyte,0.9992154863983849,0.980926165977629,True
Blood,Mixture42,neutrophil,0.9994943896497326,0.8701713802880763,True
Blood,Mixture42,memory_B_cell,0.9993903284150081,0.9762622105509535,True
Blood,Mixture42,plasma_cell,0.9994872068339764,0.9994872068339764,True
Blood,Mixture42,platelet,0.999553376702053,0.9922830650242689,True
Blood,Mixture43,erythrocyte,0.9995130177580721,0.7765277289232211,False
Blood,Mixture43,classical_monocyte,0.9992154863983849,0.9607629125546244,True
Blood,Mixture43,neutrophil,0.9994943896497326,0.860955578240916,True
Blood,Mixture43,memory_B_cell,0.9993903284150081,0.9397026722462273,True
Blood,Mixture43,plasma_cell,0.9994872068339764,0.9988434469729102,True
Blood,Mixture43,platelet,0.999553376702053,0.9928065154350219,True
Blood,Mixture44,erythrocyte,0.9995130177580721,0.6892226836145483,False
Blood,Mixture44,classical_monocyte,0.9992154863983849,0.9721591897953437,True
Blood,Mixture44,neutrophil,0.9994943896497326,0.9713602776903317,True
Blood,Mixture44,memory_B_cell,0.9993903284150081,0.9660392801457477,True
Blood,Mixture44,plasma_cell,0.9994872068339764,0.9994869002999079,True
Blood,Mixture44,platelet,0.999553376702053,0.9956867028623178,True
Blood,Mixture45,erythrocyte,0.9995130177580721,0.8463610698477501,True
Blood,Mixture45,classical_monocyte,0.9992154863983849,0.9992045661621467,True
Blood,Mixture45,neutrophil,0.9994943896497326,0.8389859181414745,True
Blood,Mixture45,memory_B_cell,0.9993903284150081,0.9828319919389648,True
Blood,Mixture45,plasma_cell,0.9994872068339764,0.9986555032720275,True
Blood,Mixture45,platelet,0.999553376702053,0.9949790537657719,True
Blood,Mixture46,erythrocyte,0.9995130177580721,0.7936412959088713,False
Blood,Mixture46,classical_monocyte,0.9992154863983849,0.9493289358546917,True
Blood,Mixture46,neutrophil,0.9994943896497326,0.8745891352448122,True
Blood,Mixture46,memory_B_cell,0.9993903284150081,0.9439451830461226,True
Blood,Mixture46,plasma_cell,0.9994872068339764,0.9984905879430569,True
Blood,Mixture46,platelet,0.999553376702053,0.9976562667381943,True
Blood,Mixture47,erythrocyte,0.9995130177580721,0.682196906783489,False
Blood,Mixture47,classical_monocyte,0.9992154863983849,0.974272446353563,True
Blood,Mixture47,neutrophil,0.9994943896497326,0.9737252482592853,True
Blood,Mixture47,memory_B_cell,0.9993903284150081,0.9760054102830139,True
Blood,Mixture47,plasma_cell,0.9994872068339764,0.9994872068339764,True
Blood,Mixture47,platelet,0.999553376702053,0.9943775320218573,True
Blood,Mixture48,erythrocyte,0.9995130177580721,0.6864650435976104,False
Blood,Mixture48,classical_monocyte,0.9992154863983849,0.8268351319392645,True
Blood,Mixture48,neutrophil,0.9994943896497326,0.9721215362225856,True
Blood,Mixture48,memory_B_cell,0.9993903284150081,0.8700841177470576,True
Blood,Mixture48,plasma_cell,0.9994872068339764,0.9964578838998707,True
Blood,Mixture48,platelet,0.999553376702053,0.9937087604602582,True
Blood,Mixture49,erythrocyte,0.9995130177580721,0.786348117230569,False
Blood,Mixture49,classical_monocyte,0.9992154863983849,0.949160609464269,True
Blood,Mixture49,neutrophil,0.9994943896497326,0.8017732689536704,True
Blood,Mixture49,memory_B_cell,0.9993903284150081,0.999361954214616,True
Blood,Mixture49,plasma_cell,0.9994872068339764,0.9977785476181837,True
Blood,Mixture49,platelet,0.999553376702053,0.9994826457963206,True
Blood,Mixture50,erythrocyte,0.9995130177580721,0.742941356898491,False
Blood,Mixture50,classical_monocyte,0.9992154863983849,0.9579681131951673,True
Blood,Mixture50,neutrophil,0.9994943896497326,0.9314567206004041,True
Blood,Mixture50,memory_B_cell,0.9993903284150081,0.9769813364044385,True
Blood,Mixture50,plasma_cell,0.9994872068339764,0.9994009174936324,True
Blood,Mixture50,platelet,0.999553376702053,0.9962500614706828,True
Blood,Mixture51,erythrocyte,0.9995130177580721,0.814382261938164,True
Blood,Mixture51,classical_monocyte,0.9992154863983849,0.9759312507306528,True
Blood,Mixture51,neutrophil,0.9994943896497326,0.914959478783247,True
Blood,Mixture51,memory_B_cell,0.9993903284150081,0.9837971389381934,True
Blood,Mixture51,plasma_cell,0.9994872068339764,0.9994872068339764,True
Blood,Mixture51,platelet,0.999553376702053,0.9945320455485704,True
Blood,Mixture52,erythrocyte,0.9995130177580721,0.7686389894208426,False
Blood,Mixture52,classical_monocyte,0.9992154863983849,0.8947822310437242,True
Blood,Mixture52,neutrophil,0.9994943896497326,0.9950763764068359,True
Blood,Mixture52,memory_B_cell,0.9993903284150081,0.9861289752103859,True
Blood,Mixture52,plasma_cell,0.9994872068339764,0.9985387904253629,True
Blood,Mixture52,platelet,0.999553376702053,0.9980279336353639,True
Blood,Mixture53,erythrocyte,0.9995130177580721,0.7531873134603455,False
Blood,Mixture53,classical_monocyte,0.9992154863983849,0.960438587749386,True
Blood,Mixture53,neutrophil,0.9994943896497326,0.876352982245741,True
Blood,Mixture53,memory_B_cell,0.9993903284150081,0.9761233029840358,True
Blood,Mixture53,plasma_cell,0.9994872068339764,0.9992243155532923,True
Blood,Mixture53,platelet,0.999553376702053,0.9978446389049193,True
Blood,Mixture54,erythrocyte,0.9995130177580721,0.7077084402312239,False
Blood,Mixture54,classical_monocyte,0.9992154863983849,0.9543195611078799,True
Blood,Mixture54,neutrophil,0.9994943896497326,0.8336863603963367,True
Blood,Mixture54,memory_B_cell,0.9993903284150081,0.9984631755246585,True
Blood,Mixture54,plasma_cell,0.9994872068339764,0.9990230376204202,True
Blood,Mixture54,platelet,0.999553376702053,0.9995186680298564,True
Blood,Mixture55,erythrocyte,0.9995130177580721,0.7882136962372253,False
Blood,Mixture55,classical_monocyte,0.9992154863983849,0.9368291943058631,True
Blood,Mixture55,neutrophil,0.9994943896497326,0.8755740199727349,True
Blood,Mixture55,memory_B_cell,0.9993903284150081,0.9648125699449179,True
Blood,Mixture55,plasma_cell,0.9994872068339764,0.9987389188554773,True
Blood,Mixture55,platelet,0.999553376702053,0.9995073036627186,True
Blood,Mixture56,erythrocyte,0.9995130177580721,0.7632198612177116,False
Blood,Mixture56,classical_monocyte,0.9992154863983849,0.9474912612648637,True
Blood,Mixture56,neutrophil,0.9994943896497326,0.790197753305162,False
Blood,Mixture56,memory_B_cell,0.9993903284150081,0.9982168123418199,True
Blood,Mixture56,plasma_cell,0.9994872068339764,0.9973487483335036,True
Blood,Mixture56,platelet,0.999553376702053,0.9985347047501439,True
Blood,Mixture57,erythrocyte,0.9995130177580721,0.7436814633581217,False
Blood,Mixture57,classical_monocyte,0.9992154863983849,0.9555961436882903,True
Blood,Mixture57,neutrophil,0.9994943896497326,0.8550454517864162,True
Blood,Mixture57,memory_B_cell,0.9993903284150081,0.974822322407927,True
Blood,Mixture57,plasma_cell,0.9994872068339764,0.9990257197935215,True
Blood,Mixture57,platelet,0.999553376702053,0.9995279964412848,True
Blood,Mixture58,erythrocyte,0.9995130177580721,0.9995130177580721,True
Blood,Mixture58,classical_monocyte,0.9992154863983849,0.9741620438133383,True
Blood,Mixture58,neutrophil,0.9994943896497326,0.8006151261889387,True
Blood,Mixture58,memory_B_cell,0.9993903284150081,0.9816581163565476,True
Blood,Mixture58,plasma_cell,0.9994872068339764,0.9974299407618086,True
Blood,Mixture58,platelet,0.999553376702053,0.9872723004316861,True
Blood,Mixture59,erythrocyte,0.9995130177580721,0.7353438880522,False
Blood,Mixture59,classical_monocyte,0.9992154863983849,0.9506568794288227,True
Blood,Mixture59,neutrophil,0.9994943896497326,0.8969944445107756,True
Blood,Mixture59,memory_B_cell,0.9993903284150081,0.9981552358927371,True
Blood,Mixture59,plasma_cell,0.9994872068339764,0.9991702506069221,True
Blood,Mixture59,platelet,0.999553376702053,0.9995242058211293,True
Blood,Mixture60,erythrocyte,0.9995130177580721,0.7079227407159279,False
Blood,Mixture60,classical_monocyte,0.9992154863983849,0.9951400542343406,True
Blood,Mixture60,neutrophil,0.9994943896497326,0.8639875876518497,True
Blood,Mixture60,memory_B_cell,0.9993903284150081,0.9645649071546238,True
Blood,Mixture60,plasma_cell,0.9994872068339764,0.9989835330423142,True
Blood,Mixture60,platelet,0.999553376702053,0.9968775708036457,True
Blood,Mixture61,erythrocyte,0.9995130177580721,0.7490658491544506,False
Blood,Mixture61,classical_monocyte,0.9992154863983849,0.9422864261875756,True
Blood,Mixture61,neutrophil,0.9994943896497326,0.8627772070727262,True
Blood,Mixture61,memory_B_cell,0.9993903284150081,0.9700085727286498,True
Blood,Mixture61,plasma_cell,0.9994872068339764,0.9984443012986806,True
Blood,Mixture61,platelet,0.999553376702053,0.999492954715878,True
Blood,Mixture62,erythrocyte,0.9995130177580721,0.7282695553997102,False
Blood,Mixture62,classical_monocyte,0.9992154863983849,0.9518832952331641,True
Blood,Mixture62,neutrophil,0.9994943896497326,0.8883600654687475,True
Blood,Mixture62,memory_B_cell,0.9993903284150081,0.9641649897696748,True
Blood,Mixture62,plasma_cell,0.9994872068339764,0.9988109543616259,True
Blood,Mixture62,platelet,0.999553376702053,0.9993769614546381,True
Blood,Mixture63,erythrocyte,0.9995130177580721,0.6322881697682371,False
Blood,Mixture63,classical_monocyte,0.9992154863983849,0.8816998633996608,True
Blood,Mixture63,neutrophil,0.9994943896497326,0.9673233100355989,True
Blood,Mixture63,memory_B_cell,0.9993903284150081,0.9987671110705189,True
Blood,Mixture63,plasma_cell,0.9994872068339764,0.9980879554437959,True
Blood,Mixture63,platelet,0.999553376702053,0.9865829149725879,True
Blood,Mixture64,erythrocyte,0.9995130177580721,0.7636866208246226,False
Blood,Mixture64,classical_monocyte,0.9992154863983849,0.9534665835812501,True
Blood,Mixture64,neutrophil,0.9994943896497326,0.8802862005513673,True
Blood,Mixture64,memory_B_cell,0.9993903284150081,0.9539951349627595,True
Blood,Mixture64,plasma_cell,0.9994872068339764,0.9988609960483442,True
Blood,Mixture64,platelet,0.999553376702053,0.9995292052809572,True
Blood,Mixture65,erythrocyte,0.9995130177580721,0.7589459441882852,False
Blood,Mixture65,classical_monocyte,0.9992154863983849,0.9565902875554168,True
Blood,Mixture65,neutrophil,0.9994943896497326,0.878992419849605,True
Blood,Mixture65,memory_B_cell,0.9993903284150081,0.9472876145710694,True
Blood,Mixture65,plasma_cell,0.9994872068339764,0.9990672168430744,True
Blood,Mixture65,platelet,0.999553376702053,0.9995115015166162,True
Blood,Mixture66,erythrocyte,0.9995130177580721,0.9995130177580721,True
Blood,Mixture66,classical_monocyte,0.9992154863983849,0.9767756472505584,True
Blood,Mixture66,neutrophil,0.9994943896497326,0.8152931743487355,True
Blood,Mixture66,memory_B_cell,0.9993903284150081,0.9864229445116852,True
Blood,Mixture66,plasma_cell,0.9994872068339764,0.9982031356201166,True
Blood,Mixture66,platelet,0.999553376702053,0.990524081560268,True
Blood,Mixture67,erythrocyte,0.9995130177580721,0.646646900084821,False
Blood,Mixture67,classical_monocyte,0.9992154863983849,0.9374139954603867,True
Blood,Mixture67,neutrophil,0.9994943896497326,0.9856195956884493,True
Blood,Mixture67,memory_B_cell,0.9993903284150081,0.9821430765608569,True
Blood,Mixture67,plasma_cell,0.9994872068339764,0.9985441164548071,True
Blood,Mixture67,platelet,0.999553376702053,0.9992032567539343,True
Blood,Mixture68,erythrocyte,0.9995130177580721,0.7842484977109884,False
Blood,Mixture68,classical_monocyte,0.9992154863983849,0.9369110087292672,True
Blood,Mixture68,neutrophil,0.9994943896497326,0.8679306107782666,True
Blood,Mixture68,memory_B_cell,0.9993903284150081,0.9717615670634882,True
Blood,Mixture68,plasma_cell,0.9994872068339764,0.9986172248301963,True
Blood,Mixture68,platelet,0.999553376702053,0.9994710731884838,True
Blood,Mixture69,erythrocyte,0.9995130177580721,0.7108738478351085,False
Blood,Mixture69,classical_monocyte,0.9992154863983849,0.9601093424844546,True
Blood,Mixture69,neutrophil,0.9994943896497326,0.8135653088099465,True
Blood,Mixture69,memory_B_cell,0.9993903284150081,0.9980536748717828,True
Blood,Mixture69,plasma_cell,0.9994872068339764,0.9990089753700179,True
Blood,Mixture69,platelet,0.999553376702053,0.9995333828283649,True
Blood,Mixture70,erythrocyte,0.9995130177580721,0.7358527471150536,False
Blood,Mixture70,classical_monocyte,0.9992154863983849,0.9568649144860248,True
Blood,Mixture70,neutrophil,0.9994943896497326,0.8312796303243967,True
Blood,Mixture70,memory_B_cell,0.9993903284150081,0.9981207883334803,True
Blood,Mixture70,plasma_cell,0.9994872068339764,0.9985362998360547,True
Blood,Mixture70,platelet,0.999553376702053,0.9995055610926336,True
Blood,Mixture71,erythrocyte,0.9995130177580721,0.6906171216800696,False
Blood,Mixture71,classical_monocyte,0.9992154863983849,0.9572896561071215,True
Blood,Mixture71,neutrophil,0.9994943896497326,0.81060591864137,True
Blood,Mixture71,memory_B_cell,0.9993903284150081,0.9985536244061877,True
Blood,Mixture71,plasma_cell,0.9994872068339764,0.998727270560866,True
Blood,Mixture71,platelet,0.999553376702053,0.9995322332347313,True
Blood,Mixture72,erythrocyte,0.9995130177580721,0.7717643001649598,False
Blood,Mixture72,classical_monocyte,0.9992154863983849,0.9753330040153426,True
Blood,Mixture72,neutrophil,0.9994943896497326,0.9106963253116295,True
Blood,Mixture72,memory_B_cell,0.9993903284150081,0.9768003791878955,True
Blood,Mixture72,plasma_cell,0.9994872068339764,0.9994872068339764,True
Blood,Mixture72,platelet,0.999553376702053,0.9953705457412148,True
Blood,Mixture73,erythrocyte,0.9995130177580721,0.6940552227143186,False
Blood,Mixture73,classical_monocyte,0.9992154863983849,0.9472576862570772,True
Blood,Mixture73,neutrophil,0.9994943896497326,0.8012227487233914,True
Blood,Mixture73,memory_B_cell,0.9993903284150081,0.999029184648607,True
Blood,Mixture73,plasma_cell,0.9994872068339764,0.9970411799158826,True
Blood,Mixture73,platelet,0.999553376702053,0.9950606016760859,True
Blood,Mixture74,erythrocyte,0.9995130177580721,0.7092616834586567,False
Blood,Mixture74,classical_monocyte,0.9992154863983849,0.9524510840872144,True
Blood,Mixture74,neutrophil,0.9994943896497326,0.9146337326306123,True
Blood,Mixture74,memory_B_cell,0.9993903284150081,0.9887555574424596,True
Blood,Mixture74,plasma_cell,0.9994872068339764,0.9992314041536313,True
Blood,Mixture74,platelet,0.999553376702053,0.996252198180019,True
Blood,Mixture75,erythrocyte,0.9995130177580721,0.7832086983862346,False
Blood,Mixture75,classical_monocyte,0.9992154863983849,0.9647047578295213,True
Blood,Mixture75,neutrophil,0.9994943896497326,0.8699643755157794,True
Blood,Mixture75,memory_B_cell,0.9993903284150081,0.9732954897955487,True
Blood,Mixture75,plasma_cell,0.9994872068339764,0.9988518000262827,True
Blood,Mixture75,platelet,0.999553376702053,0.9995355272493504,True
Blood,Mixture76,erythrocyte,0.9995130177580721,0.627315637210058,False
Blood,Mixture76,classical_monocyte,0.9992154863983849,0.8894902056185782,True
Blood,Mixture76,neutrophil,0.9994943896497326,0.9966950350514903,True
Blood,Mixture76,memory_B_cell,0.9993903284150081,0.978826563316568,True
Blood,Mixture76,plasma_cell,0.9994872068339764,0.9979963017572493,True
Blood,Mixture76,platelet,0.999553376702053,0.9966415705723548,True
Blood,Mixture77,erythrocyte,0.9995130177580721,0.7119150548880017,False
Blood,Mixture77,classical_monocyte,0.9992154863983849,0.9488104500185478,True
Blood,Mixture77,neutrophil,0.9994943896497326,0.8222431259906642,True
Blood,Mixture77,memory_B_cell,0.9993903284150081,0.9981849320645101,True
Blood,Mixture77,plasma_cell,0.9994872068339764,0.9982211828134125,True
Blood,Mixture77,platelet,0.999553376702053,0.9995011168409962,True
Blood,Mixture78,erythrocyte,0.9995130177580721,0.6935154768573342,False
Blood,Mixture78,classical_monocyte,0.9992154863983849,0.9939246127827353,True
Blood,Mixture78,neutrophil,0.9994943896497326,0.8630435877204744,True
Blood,Mixture78,memory_B_cell,0.9993903284150081,0.9691305490048782,True
Blood,Mixture78,plasma_cell,0.9994872068339764,0.9988221811718928,True
Blood,Mixture78,platelet,0.999553376702053,0.9938940573762429,True
Blood,Mixture79,erythrocyte,0.9995130177580721,0.7826479595352159,False
Blood,Mixture79,classical_monocyte,0.9992154863983849,0.9563793927025096,True
Blood,Mixture79,neutrophil,0.9994943896497326,0.7211585243919805,False
Blood,Mixture79,memory_B_cell,0.9993903284150081,0.9979968498069173,True
Blood,Mixture79,plasma_cell,0.9994872068339764,0.9963534284985409,True
Blood,Mixture79,platelet,0.999553376702053,0.9995196628134414,True
Blood,Mixture80,erythrocyte,0.9995130177580721,0.7217179965257249,False
Blood,Mixture80,classical_monocyte,0.9992154863983849,0.9656975596868516,True
Blood,Mixture80,neutrophil,0.9994943896497326,0.9410761685211706,True
Blood,Mixture80,memory_B_cell,0.9993903284150081,0.9778412712750922,True
Blood,Mixture80,plasma_cell,0.9994872068339764,0.9994872068339764,True
Blood,Mixture80,platelet,0.999553376702053,0.9960141054010324,True
Blood,Mixture81,erythrocyte,0.9995130177580721,0.7269153079748083,False
Blood,Mixture81,classical_monocyte,0.9992154863983849,0.9559393134179579,True
Blood,Mixture81,neutrophil,0.9994943896497326,0.9256714527099156,True
Blood,Mixture81,memory_B_cell,0.9993903284150081,0.9732950088451247,True
Blood,Mixture81,plasma_cell,0.9994872068339764,0.9992442785845176,True
Blood,Mixture81,platelet,0.999553376702053,0.9946061269676522,True
Blood,Mixture82,erythrocyte,0.9995130177580721,0.7091239420313853,False
Blood,Mixture82,classical_monocyte,0.9992154863983849,0.953380379370818,True
Blood,Mixture82,neutrophil,0.9994943896497326,0.8346991235564161,True
Blood,Mixture82,memory_B_cell,0.9993903284150081,0.9985563832763394,True
Blood,Mixture82,plasma_cell,0.9994872068339764,0.9989009604275534,True
Blood,Mixture82,platelet,0.999553376702053,0.9995265619061395,True
Blood,Mixture83,erythrocyte,0.9995130177580721,0.9995130177580721,True
Blood,Mixture83,classical_monocyte,0.9992154863983849,0.9431823760195781,True
Blood,Mixture83,neutrophil,0.9994943896497326,0.7627749156935856,False
Blood,Mixture83,memory_B_cell,0.9993903284150081,0.9729797089070059,True
Blood,Mixture83,plasma_cell,0.9994872068339764,0.9979964933410423,True
Blood,Mixture83,platelet,0.999553376702053,0.9897501532052903,True
Blood,Mixture84,erythrocyte,0.9995130177580721,0.766760161847735,False
Blood,Mixture84,classical_monocyte,0.9992154863983849,0.9457955473354411,True
Blood,Mixture84,neutrophil,0.9994943896497326,0.814492146842014,True
Blood,Mixture84,memory_B_cell,0.9993903284150081,0.9983296002204641,True
Blood,Mixture84,plasma_cell,0.9994872068339764,0.9980743529944965,True
Blood,Mixture84,platelet,0.999553376702053,0.9974324066250826,True
Blood,Mixture85,erythrocyte,0.9995130177580721,0.811361280930225,True
Blood,Mixture85,classical_monocyte,0.9992154863983849,0.950229888673813,True
Blood,Mixture85,neutrophil,0.9994943896497326,0.9395750575221422,True
Blood,Mixture85,memory_B_cell,0.9993903284150081,0.9486817276674812,True
Blood,Mixture85,plasma_cell,0.9994872068339764,0.9993555121347035,True
Blood,Mixture85,platelet,0.999553376702053,0.9995349922594515,True
Blood,Mixture86,erythrocyte,0.9995130177580721,0.8287872908039435,True
Blood,Mixture86,classical_monocyte,0.9992154863983849,0.9720716684381159,True
Blood,Mixture86,neutrophil,0.9994943896497326,0.9253459142842404,True
Blood,Mixture86,memory_B_cell,0.9993903284150081,0.9837618606521303,True
Blood,Mixture86,plasma_cell,0.9994872068339764,0.9994872068339764,True
Blood,Mixture86,platelet,0.999553376702053,0.996538597253709,True
Blood,Mixture87,erythrocyte,0.9995130177580721,0.7173429812486452,False
Blood,Mixture87,classical_monocyte,0.9992154863983849,0.9550685980613699,True
Blood,Mixture87,neutrophil,0.9994943896497326,0.8336073393498373,True
Blood,Mixture87,memory_B_cell,0.9993903284150081,0.9984328088841227,True
Blood,Mixture87,plasma_cell,0.9994872068339764,0.9990533078597063,True
Blood,Mixture87,platelet,0.999553376702053,0.9995293789870289,True
Blood,Mixture88,erythrocyte,0.9995130177580721,0.7224999378824849,False
Blood,Mixture88,classical_monocyte,0.9992154863983849,0.9695049959600522,True
Blood,Mixture88,neutrophil,0.9994943896497326,0.9494988823446847,True
Blood,Mixture88,memory_B_cell,0.9993903284150081,0.9761389881296277,True
Blood,Mixture88,plasma_cell,0.9994872068339764,0.9994872068339764,True
Blood,Mixture88,platelet,0.999553376702053,0.994994614248048,True
Blood,Mixture89,erythrocyte,0.9995130177580721,0.682256052788951,False
Blood,Mixture89,classical_monocyte,0.9992154863983849,0.9929277662837639,True
Blood,Mixture89,neutrophil,0.9994943896497326,0.8166470640089274,True
Blood,Mixture89,memory_B_cell,0.9993903284150081,0.9756143404266963,True
Blood,Mixture89,plasma_cell,0.9994872068339764,0.9967489367504555,True
Blood,Mixture89,platelet,0.999553376702053,0.9862520248613991,True
Blood,Mixture90,erythrocyte,0.9995130177580721,0.729056966976993,False
Blood,Mixture90,classical_monocyte,0.9992154863983849,0.9679081388907037,True
Blood,Mixture90,neutrophil,0.9994943896497326,0.8075342029900614,True
Blood,Mixture90,memory_B_cell,0.9993903284150081,0.992953704467429,True
Blood,Mixture90,plasma_cell,0.9994872068339764,0.9983201933176085,True
Blood,Mixture90,platelet,0.999553376702053,0.9995279611563749,True
Blood,Mixture91,erythrocyte,0.9995130177580721,0.681316916695557,False
Blood,Mixture91,classical_monocyte,0.9992154863983849,0.9385431848583818,True
Blood,Mixture91,neutrophil,0.9994943896497326,0.8691616094744308,True
Blood,Mixture91,memory_B_cell,0.9993903284150081,0.9987565546329102,True
Blood,Mixture91,plasma_cell,0.9994872068339764,0.9971985468434107,True
Blood,Mixture91,platelet,0.999553376702053,0.9918656096988243,True
Blood,Mixture92,erythrocyte,0.9995130177580721,0.7357265334342338,False
Blood,Mixture92,classical_monocyte,0.9992154863983849,0.9445316933435146,True
Blood,Mixture92,neutrophil,0.9994943896497326,0.9130471949553015,True
Blood,Mixture92,memory_B_cell,0.9993903284150081,0.9838707325848849,True
Blood,Mixture92,plasma_cell,0.9994872068339764,0.9989096583317533,True
Blood,Mixture92,platelet,0.999553376702053,0.9984857753001711,True
Blood,Mixture93,erythrocyte,0.9995130177580721,0.6959007371915811,False
Blood,Mixture93,classical_monocyte,0.9992154863983849,0.9659926342085652,True
Blood,Mixture93,neutrophil,0.9994943896497326,0.8908508967983058,True
Blood,Mixture93,memory_B_cell,0.9993903284150081,0.9985664224982808,True
Blood,Mixture93,plasma_cell,0.9994872068339764,0.9992975388789572,True
Blood,Mixture93,platelet,0.999553376702053,0.993850669424549,True
Blood,Mixture94,erythrocyte,0.9995130177580721,0.7449883273182583,False
Blood,Mixture94,classical_monocyte,0.9992154863983849,0.9529793923597134,True
Blood,Mixture94,neutrophil,0.9994943896497326,0.8225777116878681,True
Blood,Mixture94,memory_B_cell,0.9993903284150081,0.9887195268344051,True
Blood,Mixture94,plasma_cell,0.9994872068339764,0.9989924608470655,True
Blood,Mixture94,platelet,0.999553376702053,0.9995065965775778,True
Blood,Mixture95,erythrocyte,0.9995130177580721,0.7304662994819723,False
Blood,Mixture95,classical_monocyte,0.9992154863983849,0.959492998050728,True
Blood,Mixture95,neutrophil,0.9994943896497326,0.864025257992196,True
Blood,Mixture95,memory_B_cell,0.9993903284150081,0.9693003830505937,True
Blood,Mixture95,plasma_cell,0.9994872068339764,0.9984054097887122,True
Blood,Mixture95,platelet,0.999553376702053,0.99939282584678,True
Blood,Mixture96,erythrocyte,0.9995130177580721,0.7565319990820422,False
Blood,Mixture96,classical_monocyte,0.9992154863983849,0.9637137231442802,True
Blood,Mixture96,neutrophil,0.9994943896497326,0.7820563962274371,False
Blood,Mixture96,memory_B_cell,0.9993903284150081,0.9993918419740215,True
Blood,Mixture96,plasma_cell,0.9994872068339764,0.9972102707006434,True
Blood,Mixture96,platelet,0.999553376702053,0.9995340335803229,True
Blood,Mixture97,erythrocyte,0.9995130177580721,0.7366370193956413,False
Blood,Mixture97,classical_monocyte,0.9992154863983849,0.9497892551652222,True
Blood,Mixture97,neutrophil,0.9994943896497326,0.8126069593669533,True
Blood,Mixture97,memory_B_cell,0.9993903284150081,0.9980054329589941,True
Blood,Mixture97,plasma_cell,0.9994872068339764,0.9980536619448581,True
Blood,Mixture97,platelet,0.999553376702053,0.9995032634751678,True
Blood,Mixture98,erythrocyte,0.9995130177580721,0.7221373401054523,False
Blood,Mixture98,classical_monocyte,0.9992154863983849,0.9620527051187332,True
Blood,Mixture98,neutrophil,0.9994943896497326,0.8378142028180238,True
Blood,Mixture98,memory_B_cell,0.9993903284150081,0.997561906238957,True
Blood,Mixture98,plasma_cell,0.9994872068339764,0.9989424191603473,True
Blood,Mixture98,platelet,0.999553376702053,0.9995273297347513,True
Blood,Mixture99,erythrocyte,0.9995130177580721,0.7449719763608041,False
Blood,Mixture99,classical_monocyte,0.9992154863983849,0.9479208741829642,True
Blood,Mixture99,neutrophil,0.9994943896497326,0.7826322940371978,False
Blood,Mixture99,memory_B_cell,0.9993903284150081,0.998266107885682,True
Blood,Mixture99,plasma_cell,0.9994872068339764,0.9977713057508103,True
Blood,Mixture99,platelet,0.999553376702053,0.9995122287541024,True
Blood,Mixture100,erythrocyte,0.9995130177580721,0.7331638155901711,False
Blood,Mixture100,classical_monocyte,0.9992154863983849,0.928365824340707,True
Blood,Mixture100,neutrophil,0.9994943896497326,0.8780889214938634,True
Blood,Mixture100,memory_B_cell,0.9993903284150081,0.9849896112174854,True
Blood,Mixture100,plasma_cell,0.9994872068339764,0.9985692522484418,True
Blood,Mixture100,platelet,0.999553376702053,0.9985861732711091,True
